order_date,total_amount
2023-09-12,6727.75
2023-09-13,9678.11
2023-09-14,5622.59
2023-09-15,5531.7699999999995
2023-09-16,10853.21
2023-09-17,7623.8099999999995
2023-09-18,11508.24
2023-09-19,7222.19
2023-09-20,6188.3
2023-09-21,4386.89
2023-09-22,10166.7
2023-09-23,5876.36
2023-09-24,6829.46
2023-09-25,5351.02
2023-09-26,10309.78
2023-09-27,8864.29
2023-09-28,8169.15
2023-09-29,12381.29
2023-09-30,7844.69
2023-10-01,5831.400000000001
2023-10-02,8709.39
2023-10-03,8766.7
2023-10-04,11574.09
2023-10-05,10511.91
2023-10-06,9577.43
2023-10-07,9928.84
2023-10-08,7969.110000000001
2023-10-09,7567.14
2023-10-10,11230.82
2023-10-11,7989.099999999999
2023-10-12,11262.84
2023-10-13,3952.6
2023-10-14,7533.82
2023-10-15,11496.130000000001
2023-10-16,5450.35
2023-10-17,6155.55
2023-10-18,6571.68
2023-10-19,6315.95
2023-10-20,9294.57
2023-10-21,12224.77
2023-10-22,7444.65
2023-10-23,7499.65
2023-10-24,10557.0
2023-10-25,7965.46
2023-10-26,12220.89
2023-10-27,8496.09
2023-10-28,8710.71
2023-10-29,5399.46
2023-10-30,8252.48
2023-10-31,6042.16
2023-11-01,9836.7
2023-11-02,6572.2699999999995
2023-11-03,4712.75
2023-11-04,9814.96
2023-11-05,9209.69
2023-11-06,11188.2
2023-11-07,7688.110000000001
2023-11-08,9846.81
2023-11-09,5136.39
2023-11-10,10026.69
2023-11-11,7590.13
2023-11-12,4855.16
2023-11-13,8042.040000000001
2023-11-14,13237.77
2023-11-15,8234.03
2023-11-16,4218.98
2023-11-17,8438.85
2023-11-18,5893.38
2023-11-19,18816.97
2023-11-20,9167.3
2023-11-21,7376.02
2023-11-22,5758.8099999999995
2023-11-23,6102.01
2023-11-24,5092.61
2023-11-25,6248.36
2023-11-26,5330.67
2023-11-27,5791.67
2023-11-28,6714.04
2023-11-29,14342.37
2023-11-30,5003.17
2023-12-01,4422.93
2023-12-02,9541.11
2023-12-03,6464.42
2023-12-04,6064.78
2023-12-05,8976.25
2023-12-06,10203.46
2023-12-07,10380.65
2023-12-08,5828.38
2023-12-09,6473.12
2023-12-10,7201.19
2023-12-11,6934.28
2023-12-12,5672.53
2023-12-13,9274.22
2023-12-14,7361.76
2023-12-15,14172.31
2023-12-16,7104.89
2023-12-17,13619.3
2023-12-18,6666.69
2023-12-19,9259.57
2023-12-20,8827.41
2023-12-21,11415.779999999999
2023-12-22,6504.81
2023-12-23,10447.92
2023-12-24,3860.33
2023-12-25,9203.6
2023-12-26,6169.03
2023-12-27,5876.86
2023-12-28,9463.74
2023-12-29,6376.400000000001
2023-12-30,14126.36
2023-12-31,7722.95
2024-01-01,3955.35
2024-01-02,8344.31
2024-01-03,3933.04
2024-01-04,8581.34
2024-01-05,4937.01
2024-01-06,6477.87
2024-01-07,7289.8
2024-01-08,7863.39
2024-01-09,7225.8099999999995
2024-01-10,5828.36
2024-01-11,11943.44
2024-01-12,5325.75
2024-01-13,7980.55
2024-01-14,7264.58
2024-01-15,6891.65
2024-01-16,8682.68
2024-01-17,6405.3
2024-01-18,4602.31
2024-01-19,6139.54
2024-01-20,6047.0
2024-01-21,6548.12
2024-01-22,9001.710000000001
2024-01-23,6765.860000000001
2024-01-24,8194.0
2024-01-25,7882.39
2024-01-26,6403.13
2024-01-27,5844.34
2024-01-28,6815.99
2024-01-29,10350.1
2024-01-30,8779.87
2024-01-31,5461.5
2024-02-01,4333.6
2024-02-02,5155.72
2024-02-03,9158.460000000001
2024-02-04,9527.8
2024-02-05,3847.0
2024-02-06,11331.99
2024-02-07,8339.81
2024-02-08,9120.06
2024-02-09,11336.220000000001
2024-02-10,7540.38
2024-02-11,3734.78
2024-02-12,7795.7
2024-02-13,7814.55
2024-02-14,5934.49
2024-02-15,4928.96
2024-02-16,3752.38
2024-02-17,9664.77
2024-02-18,6841.53
2024-02-19,6716.77
2024-02-20,8525.0
2024-02-21,10012.68
2024-02-22,18012.579999999998
2024-02-23,7526.2
2024-02-24,10059.25
2024-02-25,5717.5599999999995
2024-02-26,6387.37
2024-02-27,9360.23
2024-02-28,8080.2
2024-02-29,7457.9400000000005
2024-03-01,11321.94
2024-03-02,7403.74
2024-03-03,11222.72
2024-03-04,8062.91
2024-03-05,5929.5
2024-03-06,13107.41
2024-03-07,6250.68
2024-03-08,4457.4400000000005
2024-03-09,8132.79
2024-03-10,8311.04
2024-03-11,11015.11
2024-03-12,5359.86
2024-03-13,4179.9800000000005
2024-03-14,9734.53
2024-03-15,4914.11
2024-03-16,7372.66
2024-03-17,9804.26
2024-03-18,7308.19
2024-03-19,3889.42
2024-03-20,8254.11
2024-03-21,7217.2300000000005
2024-03-22,21314.45
2024-03-23,7498.82
2024-03-24,9238.47
2024-03-25,10376.37
2024-03-26,4787.63
2024-03-27,8130.03
2024-03-28,6440.22
2024-03-29,7056.35
2024-03-30,5255.95
2024-03-31,4828.360000000001
2024-04-01,7596.56
2024-04-02,9562.97
2024-04-03,9365.039999999999
2024-04-04,5030.62
2024-04-05,12273.6
2024-04-06,5568.65
2024-04-07,6378.01
2024-04-08,9930.95
2024-04-09,8706.5
2024-04-10,8381.52
2024-04-11,7761.860000000001
2024-04-12,7561.49
2024-04-13,20542.629999999997
2024-04-14,9821.26
2024-04-15,5933.91
2024-04-16,10889.73
2024-04-17,7832.23
2024-04-18,4186.04
2024-04-19,4071.02
2024-04-20,10495.0
2024-04-21,9652.78
2024-04-22,15289.08
2024-04-23,7169.11
2024-04-24,4641.62
2024-04-25,4643.28
2024-04-26,6611.42
2024-04-27,10036.81
2024-04-28,6011.43
2024-04-29,19509.18
2024-04-30,10142.36
2024-05-01,5876.26
2024-05-02,8111.24
2024-05-03,13101.04
2024-05-04,10941.68
2024-05-05,7884.54
2024-05-06,9768.25
2024-05-07,8468.72
2024-05-08,6330.18
2024-05-09,8976.4
2024-05-10,5015.01
2024-05-11,5617.45
2024-05-12,8444.38
2024-05-13,6867.74
2024-05-14,15756.619999999999
2024-05-15,10709.29
2024-05-16,8912.24
2024-05-17,7116.13
2024-05-18,9126.779999999999
2024-05-19,13892.97
2024-05-20,3638.59
2024-05-21,6610.11
2024-05-22,8916.57
2024-05-23,10366.49
2024-05-24,7162.93
2024-05-25,6922.63
2024-05-26,11604.67
2024-05-27,8726.7
2024-05-28,10476.55
2024-05-29,7812.67
2024-05-30,5935.5199999999995
2024-05-31,5784.88
2024-06-01,4953.82
2024-06-02,5202.58
2024-06-03,19831.04
2024-06-04,4646.73
2024-06-05,14060.32
2024-06-06,6256.73
2024-06-07,11172.39
2024-06-08,5815.68
2024-06-09,9305.49
2024-06-10,8078.11
2024-06-11,6658.99
2024-06-12,5575.82
2024-06-13,10154.050000000001
2024-06-14,6261.73
2024-06-15,7854.42
2024-06-16,7850.5
2024-06-17,4382.64
2024-06-18,8814.75
2024-06-19,10537.24
2024-06-20,7255.47
2024-06-21,5688.3
2024-06-22,4161.21
2024-06-23,6001.4400000000005
2024-06-24,6466.06
2024-06-25,5532.51
2024-06-26,4794.89
2024-06-27,6970.59
2024-06-28,9692.79
2024-06-29,7805.88
2024-06-30,12373.21
2024-07-01,8490.9
2024-07-02,5036.63
2024-07-03,9067.25
2024-07-04,5726.33
2024-07-05,6971.67
2024-07-06,10284.22
2024-07-07,11292.94
2024-07-08,6469.69
2024-07-09,8674.43
2024-07-10,5618.36
2024-07-11,8905.48
2024-07-12,11230.85
2024-07-13,8222.34
2024-07-14,8719.64
2024-07-15,10241.76
2024-07-16,8598.43
2024-07-17,8279.96
2024-07-18,6924.61
2024-07-19,11872.67
2024-07-20,10888.69
2024-07-21,5096.42
2024-07-22,7840.320000000001
2024-07-23,9502.11
2024-07-24,6177.76
2024-07-25,5535.19
2024-07-26,12407.49
2024-07-27,3942.44
2024-07-28,7594.67
2024-07-29,6737.99
2024-07-30,11235.39
2024-07-31,5782.77
2024-08-01,7399.75
2024-08-02,7336.44
2024-08-03,5530.88
2024-08-04,10533.67
2024-08-05,3917.17
2024-08-06,8098.95
2024-08-07,6945.46
2024-08-08,7658.5199999999995
2024-08-09,6782.8
2024-08-10,10805.86
2024-08-11,5290.33
2024-08-12,9816.83
2024-08-13,8484.5
2024-08-14,6644.07
2024-08-15,5218.55
2024-08-16,7345.05
2024-08-17,5024.46
2024-08-18,4494.75
2024-08-19,4657.5199999999995
2024-08-20,9363.47
2024-08-21,7526.25
2024-08-22,7013.95
2024-08-23,7068.04
2024-08-24,4570.08
2024-08-25,7180.96
2024-08-26,8802.16
2024-08-27,7191.59
2024-08-28,3885.76
2024-08-29,4599.49
2024-08-30,6255.68
2024-08-31,7170.21
2024-09-01,8141.95
2024-09-02,3594.5099999999998
2024-09-03,6450.11
2024-09-04,11897.52
2024-09-05,5475.88
2024-09-06,5383.08
2024-09-07,10061.64
2024-09-08,6066.52
2024-09-09,6166.66
2024-09-10,8668.85
2024-09-11,5390.87
2024-09-12,8161.41
2024-09-13,3740.21
2024-09-14,4164.19
2024-09-15,8136.57
2024-09-16,9080.35
2024-09-17,8414.17
2024-09-18,6637.35
2024-09-19,9186.66
2024-09-20,16399.28
2024-09-21,5747.17
2024-09-22,4232.2
2024-09-23,6017.360000000001
2024-09-24,8292.26
2024-09-25,4495.45
2024-09-26,8452.08
2024-09-27,5099.39
2024-09-28,4109.7
2024-09-29,11818.46
2024-09-30,9392.05
2024-10-01,8697.38
2024-10-02,6805.57
2024-10-03,4231.16
2024-10-04,13100.06
2024-10-05,7713.71
2024-10-06,10536.13
2024-10-07,4605.49
2024-10-08,9138.82
2024-10-09,12251.5
2024-10-10,5939.01
2024-10-11,8819.58
2024-10-12,9195.23
2024-10-13,5642.13
2024-10-14,8903.96
2024-10-15,10372.64
2024-10-16,9957.369999999999
2024-10-17,9179.53
2024-10-18,8266.78
2024-10-19,9960.98
2024-10-20,11173.470000000001
2024-10-21,9753.56
2024-10-22,7606.17
2024-10-23,4796.65
2024-10-24,7819.41
2024-10-25,8390.96
2024-10-26,9111.699999999999
2024-10-27,9351.06
2024-10-28,4041.08
2024-10-29,9081.91
2024-10-30,4954.67
2024-10-31,9533.6
2024-11-01,9968.41
2024-11-02,3848.89
2024-11-03,4938.4
2024-11-04,5807.7300000000005
2024-11-05,11772.15
2024-11-06,8572.35
2024-11-07,4427.95
2024-11-08,7953.61
2024-11-09,7579.26
2024-11-10,8231.61
2024-11-11,10101.130000000001
2024-11-12,6508.99
2024-11-13,9139.46
2024-11-14,7826.13
2024-11-15,9718.05
2024-11-16,8422.86
2024-11-17,9510.83
2024-11-18,7254.65
2024-11-19,10594.81
2024-11-20,9433.94
2024-11-21,7964.32
2024-11-22,9121.01
2024-11-23,6801.57
2024-11-24,12563.15
2024-11-25,5573.1
2024-11-26,4695.76
2024-11-27,14868.33
2024-11-28,8332.68
2024-11-29,10493.94
2024-11-30,8546.97
2024-12-01,9311.38
2024-12-02,11053.46
2024-12-03,11943.72
2024-12-04,15787.18
2024-12-05,6886.17
2024-12-06,9524.359999999999
2024-12-07,4107.15
2024-12-08,3558.33
2024-12-09,5558.86
2024-12-10,8908.39
2024-12-11,18853.55
2024-12-12,5772.77
2024-12-13,10096.75
2024-12-14,7632.76
2024-12-15,7645.74
2024-12-16,5649.17
2024-12-17,10087.18
2024-12-18,15266.95
2024-12-19,6369.18
2024-12-20,8055.77
2024-12-21,10508.630000000001
2024-12-22,8482.64
2024-12-23,8513.59
2024-12-24,8563.86
2024-12-25,6952.46
2024-12-26,7008.53
2024-12-27,13669.699999999999
2024-12-28,4158.83
2024-12-29,5081.99
2024-12-30,8900.43
2024-12-31,14244.710000000001
2025-01-01,6503.38
2025-01-02,11330.2
2025-01-03,6864.849999999999
2025-01-04,8458.09
2025-01-05,5046.69
2025-01-06,5379.29
2025-01-07,10320.06
2025-01-08,6539.55
2025-01-09,9329.539999999999
2025-01-10,11456.699999999999
2025-01-11,7380.49
2025-01-12,5477.1
2025-01-13,6551.05
2025-01-14,8971.21
2025-01-15,5930.43
2025-01-16,8145.73
2025-01-17,5693.04
2025-01-18,5366.63
2025-01-19,8751.95
2025-01-20,6299.56
2025-01-21,6851.0199999999995
2025-01-22,7776.09
2025-01-23,11834.12
2025-01-24,5070.9400000000005
2025-01-25,6674.11
2025-01-26,5838.29
2025-01-27,7918.72
2025-01-28,6709.78
2025-01-29,3424.12
2025-01-30,5839.91
2025-01-31,6657.57
2025-02-01,10137.210000000001
2025-02-02,8860.39
2025-02-03,9647.98
2025-02-04,10285.38
2025-02-05,6792.58
2025-02-06,6740.7
2025-02-07,4488.01
2025-02-08,6722.49
2025-02-09,7402.35
2025-02-10,8116.03
2025-02-11,5178.02
2025-02-12,6668.37
2025-02-13,4737.08
2025-02-14,10432.27
2025-02-15,6045.47
2025-02-16,5710.89
2025-02-17,7190.82
2025-02-18,6763.59
2025-02-19,6999.23
2025-02-20,10163.22
2025-02-21,5116.75
2025-02-22,6820.38
2025-02-23,9548.380000000001
2025-02-24,9250.48
2025-02-25,7906.7300000000005
2025-02-26,6208.91
2025-02-27,11220.73
2025-02-28,10183.75
2025-03-01,8864.460000000001
2025-03-02,6305.08
2025-03-03,4118.47
2025-03-04,8806.49
2025-03-05,6384.28
2025-03-06,9890.66
2025-03-07,6178.21
2025-03-08,5561.13
2025-03-09,10224.08
2025-03-10,11426.39
2025-03-11,5939.45
2025-03-12,3971.74
2025-03-13,9050.42
2025-03-14,9815.97
2025-03-15,7068.27
2025-03-16,9092.94
2025-03-17,10557.96
2025-03-18,6028.27
2025-03-19,8044.44
2025-03-20,10453.11
2025-03-21,9477.9
2025-03-22,8417.57
2025-03-23,6750.16
2025-03-24,10749.94
2025-03-25,4468.54
2025-03-26,7360.51
2025-03-27,8211.64
2025-03-28,3622.85
2025-03-29,5741.55
2025-03-30,10850.91
2025-03-31,5913.42
2025-04-01,8021.17
2025-04-02,10320.99
2025-04-03,8400.59
2025-04-04,9174.77
2025-04-05,5910.74
2025-04-06,9720.0
2025-04-07,12690.029999999999
2025-04-08,11588.63
2025-04-09,6951.14
2025-04-10,4429.05
2025-04-11,6489.37
2025-04-12,5956.95
2025-04-13,10639.32
2025-04-14,4132.51
2025-04-15,10471.43
2025-04-16,6187.52
2025-04-17,12992.99
2025-04-18,7555.87
2025-04-19,7812.15
2025-04-20,14128.5
2025-04-21,7284.93
2025-04-22,6505.39
2025-04-23,8666.55
2025-04-24,11580.35
2025-04-25,13252.460000000001
2025-04-26,13457.9
2025-04-27,5589.12
2025-04-28,8234.76
2025-04-29,11371.11
2025-04-30,3507.7400000000002
2025-05-01,8543.35
2025-05-02,8419.04
2025-05-03,8822.02
2025-05-04,11443.44
2025-05-05,6689.860000000001
2025-05-06,7502.360000000001
2025-05-07,6872.47
2025-05-08,9755.0
2025-05-09,4538.08
2025-05-10,14352.14
2025-05-11,8264.74
2025-05-12,4820.16
2025-05-13,6974.83
2025-05-14,7163.25
2025-05-15,4864.4
2025-05-16,5206.06
2025-05-17,5293.21
2025-05-18,10079.92
2025-05-19,9515.7
2025-05-20,16688.28
2025-05-21,5058.16
2025-05-22,10191.43
2025-05-23,6872.78
2025-05-24,8013.09
2025-05-25,6141.650000000001
2025-05-26,8780.06
2025-05-27,6127.33
2025-05-28,8806.04
2025-05-29,10510.11
2025-05-30,6345.52
2025-05-31,5872.9800000000005
2025-06-01,10102.97
2025-06-02,10069.65
2025-06-03,3849.53
2025-06-04,7273.28
2025-06-05,10506.19
2025-06-06,6185.02
2025-06-07,8648.08
2025-06-08,5993.679999999999
2025-06-09,16229.13
2025-06-10,6291.18
2025-06-11,7796.61
2025-06-12,6234.54
2025-06-13,9045.22
2025-06-14,10159.46
2025-06-15,5134.69
2025-06-16,10068.380000000001
2025-06-17,8760.64
2025-06-18,10228.91
2025-06-19,6078.38
2025-06-20,6492.87
2025-06-21,10263.88
2025-06-22,8655.93
2025-06-23,12205.41
2025-06-24,6148.21
2025-06-25,4555.63
2025-06-26,11390.1
2025-06-27,7962.17
2025-06-28,8307.2
2025-06-29,7677.15
2025-06-30,6462.19
2025-07-01,8062.91
2025-07-02,8862.79
2025-07-03,5749.0599999999995
2025-07-04,11804.57
2025-07-05,5293.71
2025-07-06,7969.5199999999995
2025-07-07,8863.38
2025-07-08,10577.57
2025-07-09,7950.37
2025-07-10,6020.76
2025-07-11,8796.49
2025-07-12,9599.28
2025-07-13,6785.54
2025-07-14,11873.06
2025-07-15,6586.14
2025-07-16,6948.32
2025-07-17,10155.7
2025-07-18,5831.280000000001
2025-07-19,8969.73
2025-07-20,8390.12
2025-07-21,7831.92
2025-07-22,7970.09
2025-07-23,7760.3
2025-07-24,6513.62
2025-07-25,7962.35
2025-07-26,5550.78
2025-07-27,12013.96
2025-07-28,7891.0
2025-07-29,7245.099999999999
2025-07-30,4425.09
2025-07-31,9338.99
2025-08-01,5078.08
2025-08-02,5075.63
2025-08-03,7207.33
2025-08-04,6449.78
2025-08-05,9782.1
2025-08-06,10044.16
2025-08-07,7118.16
2025-08-08,3570.11
2025-08-09,8449.04
2025-08-10,8948.25
2025-08-11,4545.58
2025-08-12,6990.53
2025-08-13,7726.32
2025-08-14,10741.93
2025-08-15,9394.2
2025-08-16,5954.3
2025-08-17,10181.34
2025-08-18,16261.15
2025-08-19,5149.94
2025-08-20,11664.68
2025-08-21,6676.56
2025-08-22,7549.37
2025-08-23,8148.22
2025-08-24,5721.99
2025-08-25,13254.27
2025-08-26,8841.470000000001
2025-08-27,4798.77
2025-08-28,6927.65
2025-08-29,5055.04
2025-08-30,3916.4
2025-08-31,12586.15
2025-09-01,10702.789999999999
2025-09-02,5491.1
2025-09-03,10898.08
2025-09-04,10307.32
2025-09-05,7880.11
2025-09-06,6679.05
2025-09-07,10041.36
2025-09-08,5378.27
2025-09-09,8528.64
2025-09-10,9878.84
2025-09-11,6062.61
